location_id,address_1,address_2,city,state,zip,county,location_source_value
1,235 Mäkikauppila Katu Suite 46,,Espoo,Uusimaa,02160,Espoo,18c6cb8b-4351-4c91-b42e-0c67e2fed2bb
2,896 Kuivasto Katu Apt 67,,Kerava,Uusimaa,04260,Kerava,67c2fc16-02ed-4206-a217-d5371ce08315
3,302 Halttunen Katu,,Helsinki,Uusimaa,00810,Helsinki,65ac8b2b-6c0c-41f0-8426-f1763cb7d831
4,321 Häggkvist Katu,,Espoo,Uusimaa,02730,Espoo,d72e3fd7-6413-4d69-8bfa-b2990e65debf
5,369 Haake Katu Suite 15,,Helsinki,Uusimaa,00360,Helsinki,e5d9626a-3c1e-474f-b3d0-673eb56027ef
6,331 Ilén Katu,,Espoo,Uusimaa,02260,Espoo,26398a58-d59e-40c2-840f-16b597f07c0e
7,203 Kurkioja Katu,,Helsinki,Uusimaa,00950,Helsinki,ce6e5fc0-5ca6-4397-bfc0-913d43c454c9
8,103 Vauramo Katu,,Espoo,Uusimaa,02120,Espoo,252a5f31-8434-410a-876c-d44f20162535
9,1047 Engren Katu Unit 9,,Espoo,Uusimaa,02750,Espoo,75d9e676-f2da-45c7-a7b7-eba758bae187
10,1028 Fofonoff Katu Suite 67,,Helsinki,Uusimaa,00970,Helsinki,28635567-e77b-4f35-952f-fbf6be66ad26
11,1091 Vedenpää Katu,,Espoo,Uusimaa,02160,Espoo,aa8ddb67-bc0f-4c13-beee-4085b5e46d0e
12,904 Tuokila Katu,,Siuntio,Uusimaa,02570,Siuntio,b2fe2a49-cf8d-4be2-aed8-40d1146d44fb
13,402 Amnell Katu,,Vantaa,Uusimaa,01450,Vantaa,284bfa64-f2f8-48ee-b85c-7a7dc0307ef5
14,535 Kärpijoki Katu,,Kirkkonummi,Uusimaa,02480,Kirkkonummi,d011ef60-f4d5-4663-b948-8be6f48a154c
15,877 Ahosola Katu,,Vantaa,Uusimaa,01650,Vantaa,4ffa7e90-b944-40d2-a93b-c1380e68a459
16,338 Granberg Katu,,Vantaa,Uusimaa,01380,Vantaa,dd46dba5-f932-4586-b863-714657b480ab
17,1000 Kiistala Katu Apt 88,,Vantaa,Uusimaa,01480,Vantaa,e197f4b9-6e5b-4cea-98ca-10328a68486f
18,543 Lindgård Katu,,Vantaa,Uusimaa,01720,Vantaa,8e9506c0-e2d2-4d01-8cfa-ec9b1e0e85c8
19,1008 Östling Katu Unit 30,,Helsinki,Uusimaa,00990,Helsinki,707a2d8a-4808-4089-a46d-58b12d9ab8b3
20,985 Reiniö Katu,,Espoo,Uusimaa,02810,Espoo,c8996dda-9e62-401a-80de-12d84af88558
21,490 Sailo Katu,,Kirkkonummi,Uusimaa,02540,Kirkkonummi,ea4e65c7-6c32-4395-82c2-31195b9080dc
22,385 Järnefelt Katu Unit 98,,Espoo,Uusimaa,02270,Espoo,9409420e-dc35-456a-9d3a-378dd31e5cf9
23,512 Hermiö Katu Suite 44,,Karkkila,Uusimaa,03620,Karkkila,b47c38ff-87b0-46c5-9cdc-5778e18ce0c1
24,233 Moksi Katu,,Espoo,Uusimaa,02860,Espoo,c4c62bad-1dc1-4c41-935f-fd5a7f5d452b
25,1096 Koskelo Katu,,Espoo,Uusimaa,02860,Espoo,ecacbbd4-27d7-4166-9f45-b95d43f91cf7
26,168 Arjanne Katu,,Helsinki,Uusimaa,00850,Helsinki,9c1fc0fc-e69c-4c2a-8f53-7a5ae6f97493
27,649 Mäntysaari Katu,,Nurmijärvi,Uusimaa,05100,Nurmijärvi,76c302ed-0040-4f44-ba88-e827ed248151
28,220 Öysti Katu,,Helsinki,Uusimaa,00580,Helsinki,71a1276f-6e9b-47b0-a390-2e0233fcde81
29,1020 Sulosaari Katu Apt 12,,Vantaa,Uusimaa,01530,Vantaa,4a670af8-eacd-4e27-8431-5b91ecf41970
30,902 Markkola Katu Apt 39,,Espoo,Uusimaa,02360,Espoo,aeffb07f-e527-4dd1-af04-206ca0499bb9
31,833 Segerstam Katu Apt 70,,Espoo,Uusimaa,02280,Espoo,f4947e29-31a7-4c2c-af06-6d72160e492f
32,929 Yliperttula Katu,,Espoo,Uusimaa,02720,Espoo,703fd3a7-2524-43d8-9838-00f4dcd67b6e
33,828 Tuokila Katu Suite 13,,Vantaa,Uusimaa,01740,Vantaa,e1e09225-5748-4291-b487-b1c9daecccff
34,665 Sokoli Katu Apt 86,,Helsinki,Uusimaa,00510,Helsinki,ead07896-9db0-4eae-b9b5-399c54774191
35,425 Tynkkynen Katu Unit 55,,Vantaa,Uusimaa,01450,Vantaa,3efea09e-5897-4439-bd57-5409f4221bbd
36,916 Norola Katu,,Vantaa,Uusimaa,01510,Vantaa,1e4622e8-49bd-4e1e-9584-0c68dba05ecd
37,985 Poutanen Katu,,Helsinki,Uusimaa,00740,Helsinki,4b1684cf-429d-4fa0-b47c-1ae63f4a7170
38,517 Han Katu,,Espoo,Uusimaa,02600,Espoo,a931e49c-d69e-4d74-8620-633edb6b65d1
39,302 Runsala Katu Apt 19,,Lohja,Uusimaa,09430,Lohja,306c253c-ad18-4a53-9227-92e2939c88c7
40,998 Pauna Katu,,Vihti,Uusimaa,03430,Vihti,82fee66e-07d4-4423-92f6-8a7ad5fa9c59
41,814 Konradsdal Katu Unit 45,,Helsinki,Uusimaa,00380,Helsinki,aff5b6bd-cb7b-4f7a-a007-04aacdb44f18
42,841 Lapinsalo Katu Suite 91,,Vantaa,Uusimaa,01680,Vantaa,35674025-3065-4a1a-af6e-0d91fae509c6
43,596 Keihänen Katu Unit 47,,Vantaa,Uusimaa,01610,Vantaa,bac93672-4af5-4a6b-ac4e-b262280ed1df
44,939 Uussilta Katu,,Vantaa,Uusimaa,01660,Vantaa,82860755-5a91-4820-a49b-55f32fd0e717
45,364 Kindstedt Katu Suite 63,,Espoo,Uusimaa,02260,Espoo,7d221da8-b816-47f5-b244-550998396609
46,638 Salminiemi Katu,,Helsinki,Uusimaa,00440,Helsinki,97ddc081-be58-4f42-80a5-ae5ce632d300
47,571 Lundin Katu Unit 58,,Helsinki,Uusimaa,00690,Helsinki,2a9dae22-c281-401b-9bc4-b9c0677c1d18
48,1048 Malvisto Katu Suite 51,,Helsinki,Uusimaa,00210,Helsinki,3c8752e4-ee49-4ebe-ace9-07c81b675dac
49,529 Sannikka Katu,,Helsinki,Uusimaa,00280,Helsinki,f2cac8ef-f289-4f02-9333-ecb93573ff99
50,769 Pakanen Katu,,Espoo,Uusimaa,02610,Espoo,2c3820cf-d601-44d3-b565-9ed076c118fe
51,569 Lahdenperä Katu,,Lohja,Uusimaa,09520,Lohja,94ba4dbb-7840-401e-8a0a-5c284c071ad0
52,172 Helveranta Katu,,Vihti,Uusimaa,03100,Vihti,84c57e48-7886-4946-a319-1be37fbec3c4
53,581 Kaartokallio Katu,,Hyvinkää,Uusimaa,05950,Hyvinkää,fb9d0db5-8a54-497f-a516-d7ece7fce33f
54,198 Floman Katu Apt 10,,Vantaa,Uusimaa,01600,Vantaa,807b6ca7-076b-40c8-97d9-7cf0d49dc1c2
55,431 Einiö Katu,,Helsinki,Uusimaa,00380,Helsinki,909d7554-817b-4213-8277-d710fcbf9977
56,1046 Tikkinen Katu Suite 21,,Hyvinkää,Uusimaa,05950,Hyvinkää,45b43130-42d5-4dcd-b184-4fd84f8441e3
57,729 Alamäki Katu,,Helsinki,Uusimaa,00170,Helsinki,06947b34-347e-4c21-ba94-f16daf324254
58,1056 Caven Katu,,Espoo,Uusimaa,02280,Espoo,97bd8e87-cf85-4994-8121-fe04dfb265fe
59,635 Karhusaari Katu Apt 44,,Raasepori,Uusimaa,10600,Raasepori,f037f2e4-bd3d-4db7-a4fb-4255b50250ae
60,679 Nuutinen Katu Apt 15,,Askola,Uusimaa,07590,Askola,30d67946-67db-45cd-95d2-f2f659bfa8f3
61,250 Hollman Katu Unit 83,,Helsinki,Uusimaa,00120,Helsinki,de92d584-6d4b-46f9-bbbc-953065807c12
62,491 Haavasoja Katu,,Espoo,Uusimaa,02290,Espoo,b527a69f-ad99-4260-a79d-4781222e96fc
63,837 Kotiaho Katu,,Espoo,Uusimaa,02770,Espoo,cfea04f2-39cb-4c6d-aab4-492916acc78c
64,323 Mäkitaipale Katu Suite 72,,Vantaa,Uusimaa,01350,Vantaa,f5f12ecd-8bc7-437f-8f86-4e5f51720659
65,371 Viksilä Katu Apt 45,,Helsinki,Uusimaa,00600,Helsinki,8a874c41-fa4b-4b3c-b126-603523612307
66,117 Pulli Katu,,Hyvinkää,Uusimaa,05830,Hyvinkää,2fff526b-d363-4ac8-8fe8-097ee61309ec
67,927 Krogerus Katu Unit 65,,Raasepori,Uusimaa,10470,Raasepori,c08fa7ad-8b44-4d57-9d53-68e695a12e60
68,488 Brygger Katu Apt 47,,Hyvinkää,Uusimaa,05950,Hyvinkää,e7336e92-e774-404a-97e0-b88d09aaa6d7
69,259 Morozov Katu Suite 87,,Loviisa,Uusimaa,07870,Loviisa,0636e6fd-664b-4c08-ab32-4cf7186bbddd
70,968 Pirttilampi Katu,,Helsinki,Uusimaa,00610,Helsinki,2bb28dd9-6c28-4272-bbf3-05a271ac2133
71,892 Holtti Katu,,Helsinki,Uusimaa,00800,Helsinki,ea77e4cc-8e7b-4c97-903c-fe9efcbf6c39
72,951 Lento Katu Suite 77,,Helsinki,Uusimaa,00620,Helsinki,244ac22f-64a5-403b-a0cc-d48846bc232c
73,237 Sorsimo Katu,,Helsinki,Uusimaa,00390,Helsinki,b87f01ca-a0e0-417e-ad23-0b5a1e45caa3
74,1078 Kimpimäki Katu Apt 61,,Vihti,Uusimaa,03300,Vihti,487c6b9e-c732-426a-9f2e-d1a4435ec68d
75,215 Sauriala Katu,,Helsinki,Uusimaa,00950,Helsinki,d60894af-8054-4b4b-8c40-d9ea176a966c
76,583 Kuoppasalmi Katu Suite 45,,Vantaa,Uusimaa,01700,Vantaa,5747e016-1805-4fde-a41f-01163a8b612d
77,256 Tynjälä Katu Unit 18,,Helsinki,Uusimaa,00240,Helsinki,62acc500-66bf-4701-9a68-62d871220150
78,914 Tuomikoski Katu,,Helsinki,Uusimaa,00210,Helsinki,b8d64bf2-6ef1-4b22-8674-a44f2fccd4fd
79,442 Syrlin Katu,,Vantaa,Uusimaa,01370,Vantaa,b8fcaf60-4d7f-456f-ad73-c4a2448fde0d
80,907 Rasinperä Katu Suite 27,,Vantaa,Uusimaa,01670,Vantaa,1c3344ff-69bf-426f-ae0c-b7aab1edd375
81,334 Taivalmäki Katu Unit 2,,Vantaa,Uusimaa,01600,Vantaa,82143d58-3d85-48c0-aa71-ec54e2150551
82,1049 Sarvikas Katu Apt 80,,Nurmijärvi,Uusimaa,01860,Nurmijärvi,8f8b0a8d-baf2-4760-8852-8e1ae25001a8
83,135 Kahlos Katu Apt 14,,Helsinki,Uusimaa,00840,Helsinki,98e39d71-1705-4028-91bb-fca7b5f8124a
84,414 Liesmäki Katu Suite 58,,Nurmijärvi,Uusimaa,01940,Nurmijärvi,2dba096b-e704-4d5e-ae4f-f954852f0da7
85,158 Vesasto Katu,,Helsinki,Uusimaa,00620,Helsinki,b4daa4fb-525a-4454-94c9-45556c2840f9
86,665 Pankinaho Katu Unit 23,,Askola,Uusimaa,07510,Askola,17cdd632-8bb1-4fa1-a1dc-3a9eb6102884
87,495 Roimola Katu Unit 89,,Hanko,Uusimaa,10900,Hanko,5a1f6c29-2168-4823-b2c0-c2f6fbc4f4fc
88,328 Ylisirkka Katu,,Helsinki,Uusimaa,00130,Helsinki,66f49537-7d4a-4dc4-a4ed-63937b96224d
89,420 Ropilo Katu Unit 38,,Vantaa,Uusimaa,01600,Vantaa,40929515-6428-4a4e-866a-f807e7a3a8a5
90,693 Kiuttu Katu,,Helsinki,Uusimaa,00330,Helsinki,40b1544b-7802-41e3-af43-b3d8cc33e94a
91,307 Tanttinen Katu Suite 33,,Nurmijärvi,Uusimaa,01820,Nurmijärvi,769773c3-d747-4854-95ab-56f2122138b2
92,364 Maininki Katu,,Helsinki,Uusimaa,00700,Helsinki,a56efed0-adfe-4c60-b5ea-d8a6a5d97589
93,926 From Katu,,Espoo,Uusimaa,02200,Espoo,f3116e2d-041a-4459-96ae-137d27f3868c
94,992 Sahinoja Katu Suite 21,,Karkkila,Uusimaa,03620,Karkkila,44b03533-22e5-48db-b8e0-dc3efdbd0efd
95,1028 Murphy Katu,,Espoo,Uusimaa,02970,Espoo,51e49030-f811-4fd9-b32d-c75378969149
96,899 Raesalmi Katu,,Helsinki,Uusimaa,00680,Helsinki,c0de5748-360a-4c05-b802-140583928cde
97,1007 Kuorikoski Katu,,Porvoo,Uusimaa,06150,Porvoo,c9b7b3d3-4f78-43fc-9e90-2458cd21b893
98,262 Huttula Katu Suite 56,,Espoo,Uusimaa,02360,Espoo,1532d8b7-ffdb-479e-8d31-525694dec3cb
99,871 Yrjälä Katu Unit 87,,Nurmijärvi,Uusimaa,05450,Nurmijärvi,2404a97e-d946-4e52-8391-2f89e8885b2c
100,452 Randström Katu Unit 27,,Vantaa,Uusimaa,01230,Vantaa,31122e0e-e7cc-4d2d-9b15-5fd1babfe9a5
101,422 Hanhijoki Katu,,Hyvinkää,Uusimaa,05820,Hyvinkää,89ffcf79-792f-48f3-802f-d9eeaea727a0
102,1076 Kalalahti Katu,,Askola,Uusimaa,07530,Askola,ad8ffb95-7084-479e-aad0-84df25e464c7
103,361 Brors Katu Suite 17,,Helsinki,Uusimaa,00930,Helsinki,b84ebe6c-22a7-46f3-9727-2fbdec9ca7c6
104,770 Hopeavuori Katu,,Nurmijärvi,Uusimaa,01900,Nurmijärvi,6b2eefd7-7344-45e3-b50b-85969bab4365
105,237 Bergh Katu Suite 76,,Helsinki,Uusimaa,00310,Helsinki,26a052ee-b7ff-4094-9e7a-50a5891004bf
106,177 Kaumi Katu Unit 13,,Porvoo,Uusimaa,06450,Porvoo,8a9bfcdb-5d48-4893-82bc-baf7a7b0e37a
107,108 Poimaa Katu,,Helsinki,Uusimaa,00440,Helsinki,fe0da212-d80b-4aab-9fcb-81585e46341d
108,1060 Läylönen Katu,,Kerava,Uusimaa,04230,Kerava,94ee5abb-e628-4b85-be83-9ac8ab6e48b9
109,1092 Ojanlatva Katu,,Helsinki,Uusimaa,00360,Helsinki,57e38349-349a-46d4-a162-9cbe144187f3
110,494 Naapila Katu Apt 54,,Helsinki,Uusimaa,00360,Helsinki,1cea053b-6c67-4fb0-8da1-b282f333157d
111,140 Konstenius Katu,,Helsinki,Uusimaa,00410,Helsinki,bc40f8f0-0b7a-4608-bd71-670d88402eb1
112,342 Ala-Kokkila Katu Apt 50,,Karkkila,Uusimaa,03600,Karkkila,918169a2-64db-47f3-b8b3-967c27f4bfb6
113,169 Remander Katu,,Sipoo,Uusimaa,01120,Sipoo,ff082462-1ad4-43ec-95d3-cb8643f6357c
114,112 Jaskanen Katu Apt 52,,Helsinki,Uusimaa,00630,Helsinki,38da1eb8-e325-4da8-9c6c-d5443cb03eb9
115,867 Hero Katu Apt 86,,Porvoo,Uusimaa,06200,Porvoo,6d1f5f38-38dc-4e6c-bb24-5dd13ec9a8de
116,493 Sydänmaanlakka Katu Apt 8,,Helsinki,Uusimaa,00530,Helsinki,a52fe7af-e158-4937-935f-85c3f8abbe83
117,642 Hartvik Katu,,Helsinki,Uusimaa,00190,Helsinki,0d244347-0835-47b3-b53a-bb9d8f95912d
118,996 Lanz Katu,,Karkkila,Uusimaa,03620,Karkkila,7953a164-419d-4324-88c6-c049348ed7da
119,325 Somppi Katu,,Helsinki,Uusimaa,00640,Helsinki,160b3e40-54ca-4914-ad7a-0f5685937ab3
120,901 Törmikoski Katu Unit 40,,Helsinki,Uusimaa,00630,Helsinki,5bc9ef90-b0d3-448f-9f60-a189606b013a
121,192 Doan Katu Unit 86,,Helsinki,Uusimaa,00710,Helsinki,e641b6ca-2b96-4984-805b-904c26f4366e
122,159 Mastosalo Katu Unit 81,,Helsinki,Uusimaa,00610,Helsinki,d0eff814-8565-47b2-b8d1-4303e632d491
123,820 Kela Katu Suite 30,,Helsinki,Uusimaa,00410,Helsinki,da136f4d-3df7-4ab0-a632-140f04292cf9
124,574 Dahlroos Katu Apt 60,,Helsinki,Uusimaa,00680,Helsinki,dd2f4b89-f55c-492b-bc69-03761db731a1
125,561 Korkka Katu Suite 41,,Helsinki,Uusimaa,00140,Helsinki,5799b097-47dd-46cb-ae83-05dde3ce4837
