person_id,gender_concept_id,year_of_birth,month_of_birth,day_of_birth,birth_datetime,race_concept_id,ethnicity_concept_id,location_id,provider_id,care_site_id,person_source_value,gender_source_value,gender_source_concept_id,race_source_value,race_source_concept_id,ethnicity_source_value,ethnicity_source_concept_id
1,8532,1981,2,6,,8527,0,1,,,18c6cb8b-4351-4c91-b42e-0c67e2fed2bb,F,0,white,0,nonhispanic,0
2,8507,2014,5,27,,8527,0,2,,,67c2fc16-02ed-4206-a217-d5371ce08315,M,0,white,0,nonhispanic,0
3,8507,1993,6,5,,8527,0,3,,,65ac8b2b-6c0c-41f0-8426-f1763cb7d831,M,0,white,0,nonhispanic,0
4,8507,1983,10,23,,8527,0,4,,,d72e3fd7-6413-4d69-8bfa-b2990e65debf,M,0,white,0,nonhispanic,0
5,8532,1988,7,23,,8527,0,5,,,e5d9626a-3c1e-474f-b3d0-673eb56027ef,F,0,white,0,nonhispanic,0
6,8532,1981,2,6,,8527,0,6,,,26398a58-d59e-40c2-840f-16b597f07c0e,F,0,white,0,nonhispanic,0
7,8507,1978,5,30,,8527,0,7,,,ce6e5fc0-5ca6-4397-bfc0-913d43c454c9,M,0,white,0,nonhispanic,0
8,8507,1962,11,11,,8527,0,8,,,252a5f31-8434-410a-876c-d44f20162535,M,0,white,0,nonhispanic,0
9,8532,1966,11,5,,8527,0,9,,,75d9e676-f2da-45c7-a7b7-eba758bae187,F,0,white,0,nonhispanic,0
10,8507,1950,12,10,,8527,0,10,,,28635567-e77b-4f35-952f-fbf6be66ad26,M,0,white,0,nonhispanic,0
11,8507,1977,8,15,,8527,0,11,,,aa8ddb67-bc0f-4c13-beee-4085b5e46d0e,M,0,white,0,nonhispanic,0
12,8507,2019,12,7,,8527,0,12,,,b2fe2a49-cf8d-4be2-aed8-40d1146d44fb,M,0,white,0,nonhispanic,0
13,8507,1977,12,21,,8527,0,13,,,284bfa64-f2f8-48ee-b85c-7a7dc0307ef5,M,0,white,0,nonhispanic,0
14,8532,1987,8,21,,8527,0,14,,,d011ef60-f4d5-4663-b948-8be6f48a154c,F,0,white,0,nonhispanic,0
15,8507,1986,5,19,,8527,0,15,,,4ffa7e90-b944-40d2-a93b-c1380e68a459,M,0,white,0,nonhispanic,0
16,8532,2003,7,2,,8527,0,16,,,dd46dba5-f932-4586-b863-714657b480ab,F,0,white,0,nonhispanic,0
17,8507,1962,11,4,,8527,0,17,,,e197f4b9-6e5b-4cea-98ca-10328a68486f,M,0,white,0,nonhispanic,0
18,8532,2013,6,21,,8527,0,18,,,8e9506c0-e2d2-4d01-8cfa-ec9b1e0e85c8,F,0,white,0,nonhispanic,0
19,8532,2008,11,20,,8527,0,19,,,707a2d8a-4808-4089-a46d-58b12d9ab8b3,F,0,white,0,nonhispanic,0
20,8532,1979,7,14,,8527,0,20,,,c8996dda-9e62-401a-80de-12d84af88558,F,0,white,0,nonhispanic,0
21,8532,1987,8,21,,8527,0,21,,,ea4e65c7-6c32-4395-82c2-31195b9080dc,F,0,white,0,nonhispanic,0
22,8532,1978,4,12,,8527,0,22,,,9409420e-dc35-456a-9d3a-378dd31e5cf9,F,0,white,0,nonhispanic,0
23,8507,1956,2,2,,8527,0,23,,,b47c38ff-87b0-46c5-9cdc-5778e18ce0c1,M,0,white,0,nonhispanic,0
24,8532,1984,7,20,,8527,0,24,,,c4c62bad-1dc1-4c41-935f-fd5a7f5d452b,F,0,white,0,nonhispanic,0
25,8532,1947,10,9,,8527,0,25,,,ecacbbd4-27d7-4166-9f45-b95d43f91cf7,F,0,white,0,nonhispanic,0
26,8507,1959,6,22,,8527,0,26,,,9c1fc0fc-e69c-4c2a-8f53-7a5ae6f97493,M,0,white,0,nonhispanic,0
27,8507,1973,1,9,,8527,0,27,,,76c302ed-0040-4f44-ba88-e827ed248151,M,0,white,0,nonhispanic,0
28,8532,1988,6,24,,8527,0,28,,,71a1276f-6e9b-47b0-a390-2e0233fcde81,F,0,white,0,nonhispanic,0
29,8532,2018,1,15,,8527,0,29,,,4a670af8-eacd-4e27-8431-5b91ecf41970,F,0,white,0,nonhispanic,0
30,8507,1991,10,6,,8527,0,30,,,aeffb07f-e527-4dd1-af04-206ca0499bb9,M,0,white,0,nonhispanic,0
31,8532,1978,4,12,,8527,0,31,,,f4947e29-31a7-4c2c-af06-6d72160e492f,F,0,white,0,nonhispanic,0
32,8507,1973,12,16,,8527,0,32,,,703fd3a7-2524-43d8-9838-00f4dcd67b6e,M,0,white,0,nonhispanic,0
33,8507,1992,6,24,,8527,0,33,,,e1e09225-5748-4291-b487-b1c9daecccff,M,0,white,0,nonhispanic,0
34,8532,1951,3,20,,8527,0,34,,,ead07896-9db0-4eae-b9b5-399c54774191,F,0,white,0,nonhispanic,0
35,8507,1961,8,1,,8527,0,35,,,3efea09e-5897-4439-bd57-5409f4221bbd,M,0,white,0,nonhispanic,0
36,8532,2015,8,17,,8527,0,36,,,1e4622e8-49bd-4e1e-9584-0c68dba05ecd,F,0,white,0,nonhispanic,0
37,8532,2017,8,23,,8527,0,37,,,4b1684cf-429d-4fa0-b47c-1ae63f4a7170,F,0,white,0,nonhispanic,0
38,8507,1977,8,30,,8527,0,38,,,a931e49c-d69e-4d74-8620-633edb6b65d1,M,0,white,0,nonhispanic,0
39,8532,1956,7,3,,8527,0,39,,,306c253c-ad18-4a53-9227-92e2939c88c7,F,0,white,0,nonhispanic,0
40,8507,1960,6,18,,8527,0,40,,,82fee66e-07d4-4423-92f6-8a7ad5fa9c59,M,0,white,0,nonhispanic,0
41,8532,1987,11,2,,8527,0,41,,,aff5b6bd-cb7b-4f7a-a007-04aacdb44f18,F,0,white,0,nonhispanic,0
42,8507,1981,9,27,,8527,0,42,,,35674025-3065-4a1a-af6e-0d91fae509c6,M,0,white,0,nonhispanic,0
43,8532,1979,10,24,,8527,0,43,,,bac93672-4af5-4a6b-ac4e-b262280ed1df,F,0,white,0,nonhispanic,0
44,8507,1961,8,1,,8527,0,44,,,82860755-5a91-4820-a49b-55f32fd0e717,M,0,white,0,nonhispanic,0
45,8532,1952,9,26,,8527,0,45,,,7d221da8-b816-47f5-b244-550998396609,F,0,white,0,nonhispanic,0
46,8532,1968,5,6,,8527,0,46,,,97ddc081-be58-4f42-80a5-ae5ce632d300,F,0,white,0,nonhispanic,0
47,8532,1974,7,5,,8527,0,47,,,2a9dae22-c281-401b-9bc4-b9c0677c1d18,F,0,white,0,nonhispanic,0
48,8507,1988,10,11,,8527,0,48,,,3c8752e4-ee49-4ebe-ace9-07c81b675dac,M,0,white,0,nonhispanic,0
49,8532,2012,10,9,,8527,0,49,,,f2cac8ef-f289-4f02-9333-ecb93573ff99,F,0,white,0,nonhispanic,0
50,8507,1997,3,10,,8527,0,50,,,2c3820cf-d601-44d3-b565-9ed076c118fe,M,0,white,0,nonhispanic,0
51,8532,1956,7,3,,8527,0,51,,,94ba4dbb-7840-401e-8a0a-5c284c071ad0,F,0,white,0,nonhispanic,0
52,8532,1970,5,5,,8527,0,52,,,84c57e48-7886-4946-a319-1be37fbec3c4,F,0,white,0,nonhispanic,0
53,8507,2004,12,16,,8527,0,53,,,fb9d0db5-8a54-497f-a516-d7ece7fce33f,M,0,white,0,nonhispanic,0
54,8532,1966,10,20,,8527,0,54,,,807b6ca7-076b-40c8-97d9-7cf0d49dc1c2,F,0,white,0,nonhispanic,0
55,8532,2014,7,26,,8527,0,55,,,909d7554-817b-4213-8277-d710fcbf9977,F,0,white,0,nonhispanic,0
56,8507,1986,11,18,,8527,0,56,,,45b43130-42d5-4dcd-b184-4fd84f8441e3,M,0,white,0,nonhispanic,0
57,8507,1984,1,25,,8527,0,57,,,06947b34-347e-4c21-ba94-f16daf324254,M,0,white,0,nonhispanic,0
58,8507,1967,9,7,,8527,0,58,,,97bd8e87-cf85-4994-8121-fe04dfb265fe,M,0,white,0,nonhispanic,0
59,8532,1997,11,11,,8527,0,59,,,f037f2e4-bd3d-4db7-a4fb-4255b50250ae,F,0,white,0,nonhispanic,0
60,8507,1963,9,18,,8527,0,60,,,30d67946-67db-45cd-95d2-f2f659bfa8f3,M,0,white,0,nonhispanic,0
61,8507,1971,4,9,,8527,0,61,,,de92d584-6d4b-46f9-bbbc-953065807c12,M,0,white,0,nonhispanic,0
62,8532,1952,9,26,,8527,0,62,,,b527a69f-ad99-4260-a79d-4781222e96fc,F,0,white,0,nonhispanic,0
63,8507,1941,9,13,,8527,0,63,,,cfea04f2-39cb-4c6d-aab4-492916acc78c,M,0,white,0,nonhispanic,0
64,8532,1988,3,17,,8527,0,64,,,f5f12ecd-8bc7-437f-8f86-4e5f51720659,F,0,white,0,nonhispanic,0
65,8532,1983,2,12,,8527,0,65,,,8a874c41-fa4b-4b3c-b126-603523612307,F,0,white,0,nonhispanic,0
66,8532,1958,11,13,,8527,0,66,,,2fff526b-d363-4ac8-8fe8-097ee61309ec,F,0,white,0,nonhispanic,0
67,8532,1991,5,5,,8527,0,67,,,c08fa7ad-8b44-4d57-9d53-68e695a12e60,F,0,white,0,nonhispanic,0
68,8532,2011,9,24,,8527,0,68,,,e7336e92-e774-404a-97e0-b88d09aaa6d7,F,0,white,0,nonhispanic,0
69,8507,1991,12,26,,8527,0,69,,,0636e6fd-664b-4c08-ab32-4cf7186bbddd,M,0,white,0,nonhispanic,0
70,8507,1972,2,14,,8527,0,70,,,2bb28dd9-6c28-4272-bbf3-05a271ac2133,M,0,white,0,nonhispanic,0
71,8507,2007,3,25,,8527,0,71,,,ea77e4cc-8e7b-4c97-903c-fe9efcbf6c39,M,0,white,0,nonhispanic,0
72,8532,1986,11,15,,8527,0,72,,,244ac22f-64a5-403b-a0cc-d48846bc232c,F,0,white,0,nonhispanic,0
73,8507,1999,3,24,,8527,0,73,,,b87f01ca-a0e0-417e-ad23-0b5a1e45caa3,M,0,white,0,nonhispanic,0
74,8532,1967,4,23,,8527,0,74,,,487c6b9e-c732-426a-9f2e-d1a4435ec68d,F,0,white,0,nonhispanic,0
75,8507,1976,2,28,,8527,0,75,,,d60894af-8054-4b4b-8c40-d9ea176a966c,M,0,white,0,nonhispanic,0
76,8532,1995,12,28,,8527,0,76,,,5747e016-1805-4fde-a41f-01163a8b612d,F,0,white,0,nonhispanic,0
77,8507,1916,6,6,,8527,0,77,,,62acc500-66bf-4701-9a68-62d871220150,M,0,white,0,nonhispanic,0
78,8532,1988,5,6,,8527,0,78,,,b8d64bf2-6ef1-4b22-8674-a44f2fccd4fd,F,0,white,0,nonhispanic,0
79,8507,1976,6,3,,8527,0,79,,,b8fcaf60-4d7f-456f-ad73-c4a2448fde0d,M,0,white,0,nonhispanic,0
80,8507,1959,5,1,,8527,0,80,,,1c3344ff-69bf-426f-ae0c-b7aab1edd375,M,0,white,0,nonhispanic,0
81,8532,2005,6,28,,8527,0,81,,,82143d58-3d85-48c0-aa71-ec54e2150551,F,0,white,0,nonhispanic,0
82,8532,1959,12,3,,8527,0,82,,,8f8b0a8d-baf2-4760-8852-8e1ae25001a8,F,0,white,0,nonhispanic,0
83,8507,1974,11,21,,8527,0,83,,,98e39d71-1705-4028-91bb-fca7b5f8124a,M,0,white,0,nonhispanic,0
84,8507,1955,9,13,,8527,0,84,,,2dba096b-e704-4d5e-ae4f-f954852f0da7,M,0,white,0,nonhispanic,0
85,8507,1957,4,8,,8527,0,85,,,b4daa4fb-525a-4454-94c9-45556c2840f9,M,0,white,0,nonhispanic,0
86,8507,1935,5,25,,8527,0,86,,,17cdd632-8bb1-4fa1-a1dc-3a9eb6102884,M,0,white,0,nonhispanic,0
87,8507,1940,6,22,,8527,0,87,,,5a1f6c29-2168-4823-b2c0-c2f6fbc4f4fc,M,0,white,0,nonhispanic,0
88,8532,1979,8,3,,8527,0,88,,,66f49537-7d4a-4dc4-a4ed-63937b96224d,F,0,white,0,nonhispanic,0
89,8532,1959,3,29,,8527,0,89,,,40929515-6428-4a4e-866a-f807e7a3a8a5,F,0,white,0,nonhispanic,0
90,8507,1916,6,6,,8527,0,90,,,40b1544b-7802-41e3-af43-b3d8cc33e94a,M,0,white,0,nonhispanic,0
91,8532,1956,5,17,,8527,0,91,,,769773c3-d747-4854-95ab-56f2122138b2,F,0,white,0,nonhispanic,0
92,8507,1972,6,1,,8527,0,92,,,a56efed0-adfe-4c60-b5ea-d8a6a5d97589,M,0,white,0,nonhispanic,0
93,8532,1983,1,25,,8527,0,93,,,f3116e2d-041a-4459-96ae-137d27f3868c,F,0,white,0,nonhispanic,0
94,8532,1950,7,2,,8527,0,94,,,44b03533-22e5-48db-b8e0-dc3efdbd0efd,F,0,white,0,nonhispanic,0
95,8532,1997,11,21,,8527,0,95,,,51e49030-f811-4fd9-b32d-c75378969149,F,0,white,0,nonhispanic,0
96,8507,2017,8,4,,8527,0,96,,,c0de5748-360a-4c05-b802-140583928cde,M,0,white,0,nonhispanic,0
97,8507,1965,2,17,,8527,0,97,,,c9b7b3d3-4f78-43fc-9e90-2458cd21b893,M,0,white,0,nonhispanic,0
98,8507,2015,5,26,,8527,0,98,,,1532d8b7-ffdb-479e-8d31-525694dec3cb,M,0,white,0,nonhispanic,0
99,8507,1955,9,13,,8527,0,99,,,2404a97e-d946-4e52-8391-2f89e8885b2c,M,0,white,0,nonhispanic,0
100,8532,1959,3,29,,8527,0,100,,,31122e0e-e7cc-4d2d-9b15-5fd1babfe9a5,F,0,white,0,nonhispanic,0
101,8507,2003,12,24,,8527,0,101,,,89ffcf79-792f-48f3-802f-d9eeaea727a0,M,0,white,0,nonhispanic,0
102,8507,1935,5,25,,8527,0,102,,,ad8ffb95-7084-479e-aad0-84df25e464c7,M,0,white,0,nonhispanic,0
103,8507,2002,12,5,,8527,0,103,,,b84ebe6c-22a7-46f3-9727-2fbdec9ca7c6,M,0,white,0,nonhispanic,0
104,8532,1956,5,17,,8527,0,104,,,6b2eefd7-7344-45e3-b50b-85969bab4365,F,0,white,0,nonhispanic,0
105,8507,1916,6,6,,8527,0,105,,,26a052ee-b7ff-4094-9e7a-50a5891004bf,M,0,white,0,nonhispanic,0
106,8507,1965,2,17,,8527,0,106,,,8a9bfcdb-5d48-4893-82bc-baf7a7b0e37a,M,0,white,0,nonhispanic,0
107,8532,1993,8,18,,8527,0,107,,,fe0da212-d80b-4aab-9fcb-81585e46341d,F,0,white,0,nonhispanic,0
108,8507,1980,2,2,,8527,0,108,,,94ee5abb-e628-4b85-be83-9ac8ab6e48b9,M,0,white,0,nonhispanic,0
109,8532,2015,8,23,,8527,0,109,,,57e38349-349a-46d4-a162-9cbe144187f3,F,0,white,0,nonhispanic,0
110,8507,1985,1,17,,8527,0,110,,,1cea053b-6c67-4fb0-8da1-b282f333157d,M,0,white,0,nonhispanic,0
111,8532,1987,6,21,,8527,0,111,,,bc40f8f0-0b7a-4608-bd71-670d88402eb1,F,0,white,0,nonhispanic,0
112,8532,1950,7,2,,8527,0,112,,,918169a2-64db-47f3-b8b3-967c27f4bfb6,F,0,white,0,nonhispanic,0
113,8532,1944,5,27,,8527,0,113,,,ff082462-1ad4-43ec-95d3-cb8643f6357c,F,0,white,0,nonhispanic,0
114,8507,1980,10,7,,8527,0,114,,,38da1eb8-e325-4da8-9c6c-d5443cb03eb9,M,0,white,0,nonhispanic,0
115,8507,1965,2,17,,8527,0,115,,,6d1f5f38-38dc-4e6c-bb24-5dd13ec9a8de,M,0,white,0,nonhispanic,0
116,8507,1916,6,6,,8527,0,116,,,a52fe7af-e158-4937-935f-85c3f8abbe83,M,0,white,0,nonhispanic,0
117,8507,1916,6,6,,8527,0,117,,,0d244347-0835-47b3-b53a-bb9d8f95912d,M,0,white,0,nonhispanic,0
118,8532,1950,7,2,,8527,0,118,,,7953a164-419d-4324-88c6-c049348ed7da,F,0,white,0,nonhispanic,0
119,8507,1916,6,6,,8527,0,119,,,160b3e40-54ca-4914-ad7a-0f5685937ab3,M,0,white,0,nonhispanic,0
120,8507,1916,6,6,,8527,0,120,,,5bc9ef90-b0d3-448f-9f60-a189606b013a,M,0,white,0,nonhispanic,0
121,8507,1916,6,6,,8527,0,121,,,e641b6ca-2b96-4984-805b-904c26f4366e,M,0,white,0,nonhispanic,0
122,8507,1916,6,6,,8527,0,122,,,d0eff814-8565-47b2-b8d1-4303e632d491,M,0,white,0,nonhispanic,0
123,8507,1916,6,6,,8527,0,123,,,da136f4d-3df7-4ab0-a632-140f04292cf9,M,0,white,0,nonhispanic,0
124,8507,1916,6,6,,8527,0,124,,,dd2f4b89-f55c-492b-bc69-03761db731a1,M,0,white,0,nonhispanic,0
125,8507,1933,4,20,,8527,0,125,,,5799b097-47dd-46cb-ae83-05dde3ce4837,M,0,white,0,nonhispanic,0
